project,scope,covered_lines,total_lines,covered_branches,total_branches
openhands,ldh,2990,5445,1392,2606
openhands,project,21647,32479,4464,8940
aider,ldh,2491,4624,1142,2334
aider,project,6379,10877,1995,4054
swe-agent,ldh,233,520,83,188
swe-agent,project,3465,5922,608,1488
pr-agent,ldh,1306,4821,592,2298
pr-agent,project,4841,12781,1212,4394
gpt-researcher,ldh,243,2277,117,1018
gpt-researcher,project,1808,7022,185,1798
browser-use,ldh,1024,3618,536,2104
browser-use,project,12540,33430,3227,12534
rd-agent,ldh,230,4267,120,1782
rd-agent,project,4760,22860,230,6380
openclaw,ldh,30137,53119,25857,51156
openclaw,project,135737,227216,95593,186371
roo-code,ldh,4623,6785,3605,5798
roo-code,project,21995,38366,13775,28349
kimi-code,ldh,6592,7101,4545,5470
kimi-code,project,34732,48255,20704,33797
