project,language,release,commit
openhands,Python,1.6.0,c5e0de8ecd85cef10e7808d57e9f939f3770ab9d
aider,Python,0.86.2,253f0368b873ba30d8ee26e463718f0c03614ddf
swe-agent,Python,1.1.0,0f3acafacabc0def8cc76b4e48acb4b6cf302cb9
pr-agent,Python,0.36.0,ffe1f89a4dafc7d8e88b9cf010a3233e30b49f43
gpt-researcher,Python,3.5.0,b364917f55ea579c47e5ef3f038f7e56f51213df
browser-use,Python,0.13.2,1e75d1f1f3ae970ad673e479a2ac9b3b613f82be
rd-agent,Python,0.8.0,274e274d5dbb72cc2ea139d1a7c93d73ce9b1198
openclaw,TypeScript,2026.3.28,f9b1079283a8ee25a7cee77c8f8225d5c813bc30
roo-code,TypeScript,3.54.0,27001b2b5aa47b65e8a6ba1914e0f4216be0ebb0
kimi-code,TypeScript,0.19.2,0bcd9843c1cd9361f40008c90a2eaec1aff667ac
