project,branch_id,component_intention,judgment_pattern,llm_value_form
aider,aider-ldcr-branch-00012,context_memory_management,presence_or_shape,agent_context_state
aider,aider-ldcr-branch-00065,context_memory_management,value_or_pattern_matching,agent_context_state
aider,aider-ldcr-branch-00067,context_memory_management,value_or_pattern_matching,agent_context_state
aider,aider-ldcr-branch-00082,context_memory_management,value_or_pattern_matching,agent_context_state
aider,aider-ldcr-branch-00095,agent_orchestration_control,presence_or_shape,agent_context_state
aider,aider-ldcr-branch-00132,context_memory_management,presence_or_shape,agent_context_state
aider,aider-ldcr-branch-00159,agent_orchestration_control,value_or_pattern_matching,agent_context_state
aider,aider-ldcr-branch-00197,provider_io_normalization,presence_or_shape,provider_response_signal
aider,aider-ldcr-branch-00201,provider_io_normalization,size_or_threshold,provider_response_signal
aider,aider-ldcr-branch-00203,provider_io_normalization,value_or_pattern_matching,model_generated_content
aider,aider-ldcr-branch-00243,tool_action_handling,value_or_pattern_matching,tool_action_payload
aider,aider-ldcr-branch-00246,provider_io_normalization,presence_or_shape,model_generated_content
aider,aider-ldcr-branch-00258,tool_action_handling,value_or_pattern_matching,tool_action_payload
aider,aider-ldcr-branch-00267,provider_io_normalization,presence_or_shape,agent_context_state
aider,aider-ldcr-branch-00276,tool_action_handling,presence_or_shape,tool_action_payload
aider,aider-ldcr-branch-00281,tool_action_handling,presence_or_shape,tool_action_payload
aider,aider-ldcr-branch-00284,tool_action_handling,size_or_threshold,tool_action_payload
aider,aider-ldcr-branch-00288,tool_action_handling,value_or_pattern_matching,tool_action_payload
aider,aider-ldcr-branch-00292,tool_action_handling,presence_or_shape,tool_action_payload
aider,aider-ldcr-branch-00302,tool_action_handling,value_or_pattern_matching,tool_action_payload
aider,aider-ldcr-branch-00306,tool_action_handling,value_or_pattern_matching,tool_action_payload
aider,aider-ldcr-branch-00307,tool_action_handling,presence_or_shape,tool_action_payload
aider,aider-ldcr-branch-00338,tool_action_handling,presence_or_shape,tool_action_payload
aider,aider-ldcr-branch-00340,tool_action_handling,presence_or_shape,tool_action_payload
aider,aider-ldcr-branch-00358,tool_action_handling,presence_or_shape,model_generated_content
aider,aider-ldcr-branch-00369,tool_action_handling,value_or_pattern_matching,tool_action_payload
aider,aider-ldcr-branch-00390,tool_action_handling,value_or_pattern_matching,tool_action_payload
aider,aider-ldcr-branch-00399,tool_action_handling,value_or_pattern_matching,tool_action_payload
aider,aider-ldcr-branch-00426,tool_action_handling,value_or_pattern_matching,tool_action_payload
aider,aider-ldcr-branch-00431,tool_action_handling,value_or_pattern_matching,tool_action_payload
aider,aider-ldcr-branch-00432,tool_action_handling,value_or_pattern_matching,tool_action_payload
aider,aider-ldcr-branch-00434,tool_action_handling,value_or_pattern_matching,tool_action_payload
aider,aider-ldcr-branch-00437,tool_action_handling,presence_or_shape,tool_action_payload
aider,aider-ldcr-branch-00461,tool_action_handling,presence_or_shape,tool_action_payload
aider,aider-ldcr-branch-00468,provider_io_normalization,presence_or_shape,model_generated_content
aider,aider-ldcr-branch-00472,tool_action_handling,presence_or_shape,tool_action_payload
aider,aider-ldcr-branch-00481,tool_action_handling,presence_or_shape,tool_action_payload
aider,aider-ldcr-branch-00492,tool_action_handling,size_or_threshold,tool_action_payload
aider,aider-ldcr-branch-00493,tool_action_handling,size_or_threshold,tool_action_payload
aider,aider-ldcr-branch-00498,tool_action_handling,size_or_threshold,tool_action_payload
aider,aider-ldcr-branch-00508,tool_action_handling,value_or_pattern_matching,tool_action_payload
aider,aider-ldcr-branch-00518,tool_action_handling,size_or_threshold,tool_action_payload
aider,aider-ldcr-branch-00519,tool_action_handling,value_or_pattern_matching,tool_action_payload
aider,aider-ldcr-branch-00530,tool_action_handling,presence_or_shape,tool_action_payload
aider,aider-ldcr-branch-00532,provider_io_normalization,presence_or_shape,model_generated_content
aider,aider-ldcr-branch-00587,,,
aider,aider-ldcr-branch-00609,observation_feedback_handling,size_or_threshold,observation_feedback_signal
aider,aider-ldcr-branch-00634,tool_action_handling,presence_or_shape,tool_action_payload
aider,aider-ldcr-branch-00635,tool_action_handling,value_or_pattern_matching,tool_action_payload
aider,aider-ldcr-branch-00651,tool_action_handling,presence_or_shape,tool_action_payload
aider,aider-ldcr-branch-00658,,,
aider,aider-ldcr-branch-00678,agent_orchestration_control,value_or_pattern_matching,agent_context_state
aider,aider-ldcr-branch-00791,context_memory_management,value_or_pattern_matching,agent_context_state
aider,aider-ldcr-branch-00832,provider_io_normalization,size_or_threshold,model_generated_content
aider,aider-ldcr-branch-00861,provider_io_normalization,presence_or_shape,model_generated_content
aider,aider-ldcr-branch-00873,provider_io_normalization,presence_or_shape,model_generated_content
aider,aider-ldcr-branch-00874,provider_io_normalization,presence_or_shape,model_generated_content
aider,aider-ldcr-branch-00887,provider_io_normalization,presence_or_shape,model_generated_content
aider,aider-ldcr-branch-00899,provider_io_normalization,value_or_pattern_matching,model_generated_content
aider,aider-ldcr-branch-00901,tool_action_handling,value_or_pattern_matching,tool_action_payload
aider,aider-ldcr-branch-00956,context_memory_management,value_or_pattern_matching,agent_context_state
aider,aider-ldcr-branch-00967,context_memory_management,value_or_pattern_matching,agent_context_state
aider,aider-ldcr-branch-00990,context_memory_management,size_or_threshold,agent_context_state
aider,aider-ldcr-branch-01031,provider_io_normalization,presence_or_shape,agent_context_state
aider,aider-ldcr-branch-01036,provider_io_normalization,size_or_threshold,provider_response_signal
aider,aider-ldcr-branch-01053,context_memory_management,value_or_pattern_matching,agent_context_state
aider,aider-ldcr-branch-supplement-a3188c3e48fa,agent_orchestration_control,presence_or_shape,model_generated_content
browser-use,browser-use-ldcr-branch-00042,context_memory_management,presence_or_shape,agent_context_state
browser-use,browser-use-ldcr-branch-00050,observation_feedback_handling,presence_or_shape,observation_feedback_signal
browser-use,browser-use-ldcr-branch-00052,context_memory_management,presence_or_shape,observation_feedback_signal
browser-use,browser-use-ldcr-branch-00053,observation_feedback_handling,presence_or_shape,observation_feedback_signal
browser-use,browser-use-ldcr-branch-00054,error_recovery_handling,presence_or_shape,observation_feedback_signal
browser-use,browser-use-ldcr-branch-00055,error_recovery_handling,size_or_threshold,observation_feedback_signal
browser-use,browser-use-ldcr-branch-00063,error_recovery_handling,size_or_threshold,agent_context_state
browser-use,browser-use-ldcr-branch-00069,observation_feedback_handling,presence_or_shape,observation_feedback_signal
browser-use,browser-use-ldcr-branch-00074,context_memory_management,presence_or_shape,agent_context_state
browser-use,browser-use-ldcr-branch-00086,context_memory_management,presence_or_shape,agent_context_state
browser-use,browser-use-ldcr-branch-00095,observation_feedback_handling,presence_or_shape,observation_feedback_signal
browser-use,browser-use-ldcr-branch-00096,observation_feedback_handling,value_or_pattern_matching,observation_feedback_signal
browser-use,browser-use-ldcr-branch-00123,agent_orchestration_control,size_or_threshold,agent_context_state
browser-use,browser-use-ldcr-branch-00134,agent_orchestration_control,policy_guard,model_generated_content
browser-use,browser-use-ldcr-branch-00148,context_memory_management,presence_or_shape,agent_context_state
browser-use,browser-use-ldcr-branch-00154,tool_action_handling,presence_or_shape,tool_action_payload
browser-use,browser-use-ldcr-branch-00178,tool_action_handling,value_or_pattern_matching,tool_action_payload
browser-use,browser-use-ldcr-branch-00194,observation_feedback_handling,presence_or_shape,observation_feedback_signal
browser-use,browser-use-ldcr-branch-00198,agent_orchestration_control,presence_or_shape,model_generated_content
browser-use,browser-use-ldcr-branch-00235,tool_action_handling,presence_or_shape,tool_action_payload
browser-use,browser-use-ldcr-branch-00236,tool_action_handling,presence_or_shape,tool_action_payload
browser-use,browser-use-ldcr-branch-00248,agent_orchestration_control,size_or_threshold,observation_feedback_signal
browser-use,browser-use-ldcr-branch-00251,error_recovery_handling,presence_or_shape,observation_feedback_signal
browser-use,browser-use-ldcr-branch-00258,error_recovery_handling,value_or_pattern_matching,observation_feedback_signal
browser-use,browser-use-ldcr-branch-00271,tool_action_handling,value_or_pattern_matching,tool_action_payload
browser-use,browser-use-ldcr-branch-00283,tool_action_handling,size_or_threshold,observation_feedback_signal
browser-use,browser-use-ldcr-branch-00295,tool_action_handling,presence_or_shape,observation_feedback_signal
browser-use,browser-use-ldcr-branch-00302,tool_action_handling,value_or_pattern_matching,observation_feedback_signal
browser-use,browser-use-ldcr-branch-00305,tool_action_handling,value_or_pattern_matching,observation_feedback_signal
browser-use,browser-use-ldcr-branch-00324,tool_action_handling,presence_or_shape,observation_feedback_signal
browser-use,browser-use-ldcr-branch-00330,tool_action_handling,presence_or_shape,observation_feedback_signal
browser-use,browser-use-ldcr-branch-00336,tool_action_handling,value_or_pattern_matching,observation_feedback_signal
browser-use,browser-use-ldcr-branch-00341,tool_action_handling,value_or_pattern_matching,observation_feedback_signal
browser-use,browser-use-ldcr-branch-00350,tool_action_handling,presence_or_shape,tool_action_payload
browser-use,browser-use-ldcr-branch-00353,tool_action_handling,value_or_pattern_matching,tool_action_payload
browser-use,browser-use-ldcr-branch-00394,tool_action_handling,presence_or_shape,tool_action_payload
browser-use,browser-use-ldcr-branch-00396,tool_action_handling,presence_or_shape,tool_action_payload
browser-use,browser-use-ldcr-branch-00401,agent_orchestration_control,presence_or_shape,model_generated_content
browser-use,browser-use-ldcr-branch-00442,provider_io_normalization,presence_or_shape,model_generated_content
browser-use,browser-use-ldcr-branch-00466,tool_action_handling,value_or_pattern_matching,tool_action_payload
browser-use,browser-use-ldcr-branch-00468,tool_action_handling,value_or_pattern_matching,tool_action_payload
browser-use,browser-use-ldcr-branch-00473,observation_feedback_handling,presence_or_shape,observation_feedback_signal
browser-use,browser-use-ldcr-branch-00476,error_recovery_handling,size_or_threshold,observation_feedback_signal
browser-use,browser-use-ldcr-branch-00478,agent_orchestration_control,size_or_threshold,tool_action_payload
browser-use,browser-use-ldcr-branch-00513,tool_action_handling,presence_or_shape,tool_action_payload
browser-use,browser-use-ldcr-branch-00528,tool_action_handling,presence_or_shape,tool_action_payload
browser-use,browser-use-ldcr-branch-00538,agent_orchestration_control,presence_or_shape,model_generated_content
browser-use,browser-use-ldcr-branch-00548,agent_orchestration_control,presence_or_shape,agent_context_state
browser-use,browser-use-ldcr-branch-00572,agent_orchestration_control,value_or_pattern_matching,agent_context_state
browser-use,browser-use-ldcr-branch-00573,agent_orchestration_control,value_or_pattern_matching,agent_context_state
browser-use,browser-use-ldcr-branch-00579,agent_orchestration_control,presence_or_shape,agent_context_state
browser-use,browser-use-ldcr-branch-00584,context_memory_management,presence_or_shape,agent_context_state
browser-use,browser-use-ldcr-branch-00592,agent_orchestration_control,value_or_pattern_matching,agent_context_state
browser-use,browser-use-ldcr-branch-00601,error_recovery_handling,presence_or_shape,observation_feedback_signal
browser-use,browser-use-ldcr-branch-00603,observation_feedback_handling,value_or_pattern_matching,observation_feedback_signal
browser-use,browser-use-ldcr-branch-00605,tool_action_handling,value_or_pattern_matching,tool_action_payload
browser-use,browser-use-ldcr-branch-00608,tool_action_handling,value_or_pattern_matching,tool_action_payload
browser-use,browser-use-ldcr-branch-00618,tool_action_handling,policy_guard,tool_action_payload
browser-use,browser-use-ldcr-branch-00636,provider_io_normalization,presence_or_shape,provider_response_signal
browser-use,browser-use-ldcr-branch-00678,provider_io_normalization,value_or_pattern_matching,agent_context_state
browser-use,browser-use-ldcr-branch-00698,provider_io_normalization,presence_or_shape,model_generated_content
browser-use,browser-use-ldcr-branch-00720,provider_io_normalization,value_or_pattern_matching,observation_feedback_signal
browser-use,browser-use-ldcr-branch-00727,provider_io_normalization,value_or_pattern_matching,agent_context_state
browser-use,browser-use-ldcr-branch-00731,provider_io_normalization,presence_or_shape,model_generated_content
browser-use,browser-use-ldcr-branch-00752,provider_io_normalization,presence_or_shape,provider_response_signal
browser-use,browser-use-ldcr-branch-00765,provider_io_normalization,value_or_pattern_matching,observation_feedback_signal
browser-use,browser-use-ldcr-branch-00769,provider_io_normalization,value_or_pattern_matching,agent_context_state
browser-use,browser-use-ldcr-branch-00798,provider_io_normalization,presence_or_shape,provider_response_signal
browser-use,browser-use-ldcr-branch-00828,provider_io_normalization,value_or_pattern_matching,observation_feedback_signal
browser-use,browser-use-ldcr-branch-00852,error_recovery_handling,presence_or_shape,provider_response_signal
browser-use,browser-use-ldcr-branch-00853,provider_io_normalization,presence_or_shape,model_generated_content
browser-use,browser-use-ldcr-branch-00882,provider_io_normalization,presence_or_shape,model_generated_content
browser-use,browser-use-ldcr-branch-00886,error_recovery_handling,value_or_pattern_matching,provider_response_signal
browser-use,browser-use-ldcr-branch-00900,provider_io_normalization,value_or_pattern_matching,model_generated_content
browser-use,browser-use-ldcr-branch-00908,provider_io_normalization,presence_or_shape,agent_context_state
browser-use,browser-use-ldcr-branch-00911,provider_io_normalization,presence_or_shape,agent_context_state
browser-use,browser-use-ldcr-branch-00924,provider_io_normalization,presence_or_shape,model_generated_content
browser-use,browser-use-ldcr-branch-00925,provider_io_normalization,presence_or_shape,agent_context_state
browser-use,browser-use-ldcr-branch-00936,provider_io_normalization,value_or_pattern_matching,agent_context_state
browser-use,browser-use-ldcr-branch-00954,provider_io_normalization,value_or_pattern_matching,agent_context_state
browser-use,browser-use-ldcr-branch-00980,provider_io_normalization,presence_or_shape,model_generated_content
browser-use,browser-use-ldcr-branch-00995,provider_io_normalization,presence_or_shape,model_generated_content
browser-use,browser-use-ldcr-branch-00996,provider_io_normalization,value_or_pattern_matching,agent_context_state
browser-use,browser-use-ldcr-branch-01004,provider_io_normalization,presence_or_shape,model_generated_content
browser-use,browser-use-ldcr-branch-01026,provider_io_normalization,presence_or_shape,provider_response_signal
gpt-researcher,gpt-researcher-ldcr-branch-00005,provider_io_normalization,size_or_threshold,model_generated_content
gpt-researcher,gpt-researcher-ldcr-branch-00008,agent_orchestration_control,presence_or_shape,agent_context_state
gpt-researcher,gpt-researcher-ldcr-branch-00011,provider_io_normalization,presence_or_shape,model_generated_content
gpt-researcher,gpt-researcher-ldcr-branch-00012,agent_orchestration_control,presence_or_shape,model_generated_content
gpt-researcher,gpt-researcher-ldcr-branch-00014,agent_orchestration_control,presence_or_shape,model_generated_content
gpt-researcher,gpt-researcher-ldcr-branch-00015,observation_feedback_handling,presence_or_shape,observation_feedback_signal
gpt-researcher,gpt-researcher-ldcr-branch-00022,error_recovery_handling,presence_or_shape,model_generated_content
gpt-researcher,gpt-researcher-ldcr-branch-00023,error_recovery_handling,presence_or_shape,model_generated_content
gpt-researcher,gpt-researcher-ldcr-branch-00024,provider_io_normalization,value_or_pattern_matching,model_generated_content
gpt-researcher,gpt-researcher-ldcr-branch-00070,context_memory_management,size_or_threshold,agent_context_state
gpt-researcher,gpt-researcher-ldcr-branch-00080,provider_io_normalization,presence_or_shape,provider_response_signal
gpt-researcher,gpt-researcher-ldcr-branch-00136,provider_io_normalization,presence_or_shape,provider_response_signal
gpt-researcher,gpt-researcher-ldcr-branch-00137,provider_io_normalization,presence_or_shape,provider_response_signal
gpt-researcher,gpt-researcher-ldcr-branch-00171,tool_action_handling,presence_or_shape,tool_action_payload
gpt-researcher,gpt-researcher-ldcr-branch-00174,observation_feedback_handling,presence_or_shape,observation_feedback_signal
gpt-researcher,gpt-researcher-ldcr-branch-00190,observation_feedback_handling,presence_or_shape,observation_feedback_signal
gpt-researcher,gpt-researcher-ldcr-branch-00201,error_recovery_handling,presence_or_shape,model_generated_content
gpt-researcher,gpt-researcher-ldcr-branch-00205,agent_orchestration_control,size_or_threshold,model_generated_content
gpt-researcher,gpt-researcher-ldcr-branch-00213,tool_action_handling,presence_or_shape,tool_action_payload
gpt-researcher,gpt-researcher-ldcr-branch-00220,observation_feedback_handling,presence_or_shape,observation_feedback_signal
gpt-researcher,gpt-researcher-ldcr-branch-00223,error_recovery_handling,value_or_pattern_matching,observation_feedback_signal
gpt-researcher,gpt-researcher-ldcr-branch-00225,observation_feedback_handling,presence_or_shape,observation_feedback_signal
gpt-researcher,gpt-researcher-ldcr-branch-00226,observation_feedback_handling,value_or_pattern_matching,observation_feedback_signal
gpt-researcher,gpt-researcher-ldcr-branch-00235,observation_feedback_handling,size_or_threshold,observation_feedback_signal
gpt-researcher,gpt-researcher-ldcr-branch-00245,observation_feedback_handling,presence_or_shape,observation_feedback_signal
gpt-researcher,gpt-researcher-ldcr-branch-00247,observation_feedback_handling,presence_or_shape,observation_feedback_signal
gpt-researcher,gpt-researcher-ldcr-branch-00248,observation_feedback_handling,value_or_pattern_matching,observation_feedback_signal
gpt-researcher,gpt-researcher-ldcr-branch-00249,observation_feedback_handling,presence_or_shape,observation_feedback_signal
gpt-researcher,gpt-researcher-ldcr-branch-00263,error_recovery_handling,value_or_pattern_matching,observation_feedback_signal
gpt-researcher,gpt-researcher-ldcr-branch-00268,provider_io_normalization,presence_or_shape,model_generated_content
gpt-researcher,gpt-researcher-ldcr-branch-00274,provider_io_normalization,presence_or_shape,model_generated_content
gpt-researcher,gpt-researcher-ldcr-branch-00276,provider_io_normalization,presence_or_shape,model_generated_content
gpt-researcher,gpt-researcher-ldcr-branch-00280,provider_io_normalization,value_or_pattern_matching,model_generated_content
gpt-researcher,gpt-researcher-ldcr-branch-00282,context_memory_management,size_or_threshold,agent_context_state
gpt-researcher,gpt-researcher-ldcr-branch-00283,context_memory_management,presence_or_shape,agent_context_state
gpt-researcher,gpt-researcher-ldcr-branch-00289,context_memory_management,presence_or_shape,observation_feedback_signal
gpt-researcher,gpt-researcher-ldcr-branch-00300,agent_orchestration_control,presence_or_shape,model_generated_content
gpt-researcher,gpt-researcher-ldcr-branch-00307,provider_io_normalization,value_or_pattern_matching,model_generated_content
gpt-researcher,gpt-researcher-ldcr-branch-00312,provider_io_normalization,presence_or_shape,model_generated_content
gpt-researcher,gpt-researcher-ldcr-branch-00313,provider_io_normalization,presence_or_shape,model_generated_content
gpt-researcher,gpt-researcher-ldcr-branch-00316,agent_orchestration_control,presence_or_shape,model_generated_content
gpt-researcher,gpt-researcher-ldcr-branch-00327,provider_io_normalization,presence_or_shape,provider_response_signal
gpt-researcher,gpt-researcher-ldcr-branch-00329,provider_io_normalization,presence_or_shape,provider_response_signal
gpt-researcher,gpt-researcher-ldcr-branch-00356,context_memory_management,presence_or_shape,agent_context_state
gpt-researcher,gpt-researcher-ldcr-branch-00370,observation_feedback_handling,presence_or_shape,observation_feedback_signal
gpt-researcher,gpt-researcher-ldcr-branch-00379,context_memory_management,presence_or_shape,agent_context_state
gpt-researcher,gpt-researcher-ldcr-branch-00385,observation_feedback_handling,presence_or_shape,observation_feedback_signal
gpt-researcher,gpt-researcher-ldcr-branch-00389,context_memory_management,presence_or_shape,agent_context_state
gpt-researcher,gpt-researcher-ldcr-branch-00403,observation_feedback_handling,presence_or_shape,observation_feedback_signal
gpt-researcher,gpt-researcher-ldcr-branch-00410,observation_feedback_handling,presence_or_shape,observation_feedback_signal
gpt-researcher,gpt-researcher-ldcr-branch-00412,observation_feedback_handling,presence_or_shape,observation_feedback_signal
gpt-researcher,gpt-researcher-ldcr-branch-00418,observation_feedback_handling,presence_or_shape,observation_feedback_signal
gpt-researcher,gpt-researcher-ldcr-branch-00419,provider_io_normalization,presence_or_shape,provider_response_signal
gpt-researcher,gpt-researcher-ldcr-branch-00428,provider_io_normalization,presence_or_shape,provider_response_signal
gpt-researcher,gpt-researcher-ldcr-branch-00453,error_recovery_handling,value_or_pattern_matching,observation_feedback_signal
kimi-code,kimi-code-ldcr-branch-00010,agent_orchestration_control,size_or_threshold,agent_context_state
kimi-code,kimi-code-ldcr-branch-00025,agent_orchestration_control,presence_or_shape,agent_context_state
kimi-code,kimi-code-ldcr-branch-00029,agent_orchestration_control,presence_or_shape,agent_context_state
kimi-code,kimi-code-ldcr-branch-00052,agent_orchestration_control,value_or_pattern_matching,agent_context_state
kimi-code,kimi-code-ldcr-branch-00080,context_memory_management,presence_or_shape,agent_context_state
kimi-code,kimi-code-ldcr-branch-00086,context_memory_management,presence_or_shape,model_generated_content
kimi-code,kimi-code-ldcr-branch-00117,context_memory_management,size_or_threshold,agent_context_state
kimi-code,kimi-code-ldcr-branch-00160,context_memory_management,size_or_threshold,provider_response_signal
kimi-code,kimi-code-ldcr-branch-00163,tool_action_handling,value_or_pattern_matching,tool_action_payload
kimi-code,kimi-code-ldcr-branch-00166,tool_action_handling,value_or_pattern_matching,observation_feedback_signal
kimi-code,kimi-code-ldcr-branch-00175,tool_action_handling,value_or_pattern_matching,observation_feedback_signal
kimi-code,kimi-code-ldcr-branch-00230,agent_orchestration_control,value_or_pattern_matching,agent_context_state
kimi-code,kimi-code-ldcr-branch-00309,context_memory_management,presence_or_shape,tool_action_payload
kimi-code,kimi-code-ldcr-branch-00311,context_memory_management,presence_or_shape,tool_action_payload
kimi-code,kimi-code-ldcr-branch-00351,tool_action_handling,policy_guard,tool_action_payload
kimi-code,kimi-code-ldcr-branch-00354,tool_action_handling,policy_guard,tool_action_payload
kimi-code,kimi-code-ldcr-branch-00396,context_memory_management,size_or_threshold,agent_context_state
kimi-code,kimi-code-ldcr-branch-00405,context_memory_management,presence_or_shape,agent_context_state
kimi-code,kimi-code-ldcr-branch-00464,agent_orchestration_control,policy_guard,agent_context_state
kimi-code,kimi-code-ldcr-branch-00485,tool_action_handling,value_or_pattern_matching,observation_feedback_signal
kimi-code,kimi-code-ldcr-branch-00486,tool_action_handling,value_or_pattern_matching,observation_feedback_signal
kimi-code,kimi-code-ldcr-branch-00508,error_recovery_handling,value_or_pattern_matching,provider_response_signal
kimi-code,kimi-code-ldcr-branch-00509,error_recovery_handling,value_or_pattern_matching,provider_response_signal
kimi-code,kimi-code-ldcr-branch-00525,error_recovery_handling,value_or_pattern_matching,provider_response_signal
kimi-code,kimi-code-ldcr-branch-00538,provider_io_normalization,value_or_pattern_matching,model_generated_content
kimi-code,kimi-code-ldcr-branch-00688,error_recovery_handling,value_or_pattern_matching,observation_feedback_signal
kimi-code,kimi-code-ldcr-branch-00753,error_recovery_handling,presence_or_shape,observation_feedback_signal
kimi-code,kimi-code-ldcr-branch-00791,error_recovery_handling,presence_or_shape,observation_feedback_signal
kimi-code,kimi-code-ldcr-branch-00852,agent_orchestration_control,presence_or_shape,observation_feedback_signal
kimi-code,kimi-code-ldcr-branch-00874,agent_orchestration_control,value_or_pattern_matching,agent_context_state
kimi-code,kimi-code-ldcr-branch-00935,agent_orchestration_control,value_or_pattern_matching,agent_context_state
kimi-code,kimi-code-ldcr-branch-00986,tool_action_handling,value_or_pattern_matching,observation_feedback_signal
kimi-code,kimi-code-ldcr-branch-01025,agent_orchestration_control,presence_or_shape,tool_action_payload
kimi-code,kimi-code-ldcr-branch-01037,tool_action_handling,value_or_pattern_matching,observation_feedback_signal
kimi-code,kimi-code-ldcr-branch-01090,tool_action_handling,value_or_pattern_matching,tool_action_payload
kimi-code,kimi-code-ldcr-branch-01106,tool_action_handling,size_or_threshold,observation_feedback_signal
kimi-code,kimi-code-ldcr-branch-01129,tool_action_handling,value_or_pattern_matching,tool_action_payload
kimi-code,kimi-code-ldcr-branch-01140,tool_action_handling,policy_guard,tool_action_payload
kimi-code,kimi-code-ldcr-branch-01147,tool_action_handling,value_or_pattern_matching,observation_feedback_signal
kimi-code,kimi-code-ldcr-branch-01149,tool_action_handling,value_or_pattern_matching,observation_feedback_signal
kimi-code,kimi-code-ldcr-branch-01175,tool_action_handling,value_or_pattern_matching,observation_feedback_signal
kimi-code,kimi-code-ldcr-branch-01200,tool_action_handling,size_or_threshold,observation_feedback_signal
kimi-code,kimi-code-ldcr-branch-01269,tool_action_handling,value_or_pattern_matching,tool_action_payload
kimi-code,kimi-code-ldcr-branch-01303,tool_action_handling,presence_or_shape,tool_action_payload
kimi-code,kimi-code-ldcr-branch-01315,tool_action_handling,value_or_pattern_matching,observation_feedback_signal
kimi-code,kimi-code-ldcr-branch-01323,tool_action_handling,size_or_threshold,tool_action_payload
kimi-code,kimi-code-ldcr-branch-01383,tool_action_handling,size_or_threshold,tool_action_payload
kimi-code,kimi-code-ldcr-branch-01411,agent_orchestration_control,value_or_pattern_matching,agent_context_state
kimi-code,kimi-code-ldcr-branch-01492,tool_action_handling,size_or_threshold,observation_feedback_signal
kimi-code,kimi-code-ldcr-branch-01546,tool_action_handling,size_or_threshold,observation_feedback_signal
kimi-code,kimi-code-ldcr-branch-01549,tool_action_handling,value_or_pattern_matching,tool_action_payload
kimi-code,kimi-code-ldcr-branch-01556,tool_action_handling,policy_guard,tool_action_payload
kimi-code,kimi-code-ldcr-branch-01557,tool_action_handling,value_or_pattern_matching,tool_action_payload
kimi-code,kimi-code-ldcr-branch-01564,tool_action_handling,presence_or_shape,observation_feedback_signal
kimi-code,kimi-code-ldcr-branch-01565,tool_action_handling,policy_guard,tool_action_payload
kimi-code,kimi-code-ldcr-branch-01589,provider_io_normalization,presence_or_shape,model_generated_content
kimi-code,kimi-code-ldcr-branch-01647,provider_io_normalization,presence_or_shape,provider_response_signal
kimi-code,kimi-code-ldcr-branch-01683,tool_action_handling,size_or_threshold,tool_action_payload
kimi-code,kimi-code-ldcr-branch-01695,provider_io_normalization,value_or_pattern_matching,observation_feedback_signal
kimi-code,kimi-code-ldcr-branch-01729,tool_action_handling,presence_or_shape,provider_response_signal
kimi-code,kimi-code-ldcr-branch-01810,provider_io_normalization,presence_or_shape,provider_response_signal
kimi-code,kimi-code-ldcr-branch-01849,context_memory_management,presence_or_shape,model_generated_content
kimi-code,kimi-code-ldcr-branch-01900,provider_io_normalization,value_or_pattern_matching,provider_response_signal
kimi-code,kimi-code-ldcr-branch-01918,provider_io_normalization,value_or_pattern_matching,observation_feedback_signal
kimi-code,kimi-code-ldcr-branch-01921,provider_io_normalization,value_or_pattern_matching,observation_feedback_signal
kimi-code,kimi-code-ldcr-branch-01940,provider_io_normalization,value_or_pattern_matching,observation_feedback_signal
kimi-code,kimi-code-ldcr-branch-01947,provider_io_normalization,value_or_pattern_matching,model_generated_content
kimi-code,kimi-code-ldcr-branch-01952,provider_io_normalization,presence_or_shape,model_generated_content
kimi-code,kimi-code-ldcr-branch-01964,provider_io_normalization,value_or_pattern_matching,provider_response_signal
kimi-code,kimi-code-ldcr-branch-01995,tool_action_handling,presence_or_shape,tool_action_payload
kimi-code,kimi-code-ldcr-branch-01997,tool_action_handling,presence_or_shape,tool_action_payload
kimi-code,kimi-code-ldcr-branch-02030,provider_io_normalization,presence_or_shape,model_generated_content
kimi-code,kimi-code-ldcr-branch-supplement-d4aa02cd1b5e,tool_action_handling,size_or_threshold,tool_action_payload
kimi-code,kimi-code-ldcr-branch-supplement-ffe5b3e1721d,observation_feedback_handling,value_or_pattern_matching,observation_feedback_signal
openclaw,openclaw-ldcr-branch-00711,tool_action_handling,value_or_pattern_matching,tool_action_payload
openclaw,openclaw-ldcr-branch-00810,tool_action_handling,value_or_pattern_matching,tool_action_payload
openclaw,openclaw-ldcr-branch-01055,agent_orchestration_control,presence_or_shape,agent_context_state
openclaw,openclaw-ldcr-branch-01566,agent_orchestration_control,presence_or_shape,agent_context_state
openclaw,openclaw-ldcr-branch-01617,agent_orchestration_control,presence_or_shape,agent_context_state
openclaw,openclaw-ldcr-branch-01676,agent_orchestration_control,presence_or_shape,agent_context_state
openclaw,openclaw-ldcr-branch-01693,agent_orchestration_control,presence_or_shape,agent_context_state
openclaw,openclaw-ldcr-branch-01817,agent_orchestration_control,presence_or_shape,model_generated_content
openclaw,openclaw-ldcr-branch-01954,provider_io_normalization,value_or_pattern_matching,provider_response_signal
openclaw,openclaw-ldcr-branch-02373,agent_orchestration_control,presence_or_shape,model_generated_content
openclaw,openclaw-ldcr-branch-02628,tool_action_handling,value_or_pattern_matching,tool_action_payload
openclaw,openclaw-ldcr-branch-03653,tool_action_handling,value_or_pattern_matching,tool_action_payload
openclaw,openclaw-ldcr-branch-03824,tool_action_handling,value_or_pattern_matching,tool_action_payload
openclaw,openclaw-ldcr-branch-03837,tool_action_handling,value_or_pattern_matching,tool_action_payload
openclaw,openclaw-ldcr-branch-03857,tool_action_handling,size_or_threshold,tool_action_payload
openclaw,openclaw-ldcr-branch-04021,tool_action_handling,presence_or_shape,tool_action_payload
openclaw,openclaw-ldcr-branch-04294,tool_action_handling,presence_or_shape,tool_action_payload
openclaw,openclaw-ldcr-branch-04306,tool_action_handling,presence_or_shape,tool_action_payload
openclaw,openclaw-ldcr-branch-04452,tool_action_handling,size_or_threshold,tool_action_payload
openclaw,openclaw-ldcr-branch-04657,observation_feedback_handling,value_or_pattern_matching,model_generated_content
openclaw,openclaw-ldcr-branch-04693,observation_feedback_handling,value_or_pattern_matching,model_generated_content
openclaw,openclaw-ldcr-branch-04731,observation_feedback_handling,presence_or_shape,model_generated_content
openclaw,openclaw-ldcr-branch-04802,observation_feedback_handling,presence_or_shape,model_generated_content
openclaw,openclaw-ldcr-branch-05385,observation_feedback_handling,value_or_pattern_matching,model_generated_content
openclaw,openclaw-ldcr-branch-05471,observation_feedback_handling,size_or_threshold,model_generated_content
openclaw,openclaw-ldcr-branch-05665,observation_feedback_handling,presence_or_shape,model_generated_content
openclaw,openclaw-ldcr-branch-05873,observation_feedback_handling,presence_or_shape,model_generated_content
openclaw,openclaw-ldcr-branch-09087,agent_orchestration_control,presence_or_shape,tool_action_payload
openclaw,openclaw-ldcr-branch-09267,tool_action_handling,presence_or_shape,tool_action_payload
openclaw,openclaw-ldcr-branch-09779,error_recovery_handling,presence_or_shape,observation_feedback_signal
openclaw,openclaw-ldcr-branch-10680,agent_orchestration_control,value_or_pattern_matching,agent_context_state
openclaw,openclaw-ldcr-branch-10706,agent_orchestration_control,size_or_threshold,agent_context_state
openclaw,openclaw-ldcr-branch-10787,agent_orchestration_control,size_or_threshold,agent_context_state
openclaw,openclaw-ldcr-branch-10849,error_recovery_handling,presence_or_shape,observation_feedback_signal
openclaw,openclaw-ldcr-branch-11554,tool_action_handling,policy_guard,tool_action_payload
openclaw,openclaw-ldcr-branch-11594,tool_action_handling,presence_or_shape,tool_action_payload
openclaw,openclaw-ldcr-branch-12091,tool_action_handling,size_or_threshold,tool_action_payload
openclaw,openclaw-ldcr-branch-12164,tool_action_handling,size_or_threshold,tool_action_payload
openclaw,openclaw-ldcr-branch-12362,tool_action_handling,value_or_pattern_matching,tool_action_payload
openclaw,openclaw-ldcr-branch-12865,observation_feedback_handling,presence_or_shape,observation_feedback_signal
openclaw,openclaw-ldcr-branch-13070,observation_feedback_handling,policy_guard,observation_feedback_signal
openclaw,openclaw-ldcr-branch-13137,observation_feedback_handling,value_or_pattern_matching,observation_feedback_signal
openclaw,openclaw-ldcr-branch-13284,provider_io_normalization,value_or_pattern_matching,model_generated_content
openclaw,openclaw-ldcr-branch-13286,observation_feedback_handling,value_or_pattern_matching,observation_feedback_signal
openclaw,openclaw-ldcr-branch-13333,tool_action_handling,presence_or_shape,tool_action_payload
openclaw,openclaw-ldcr-branch-15296,error_recovery_handling,value_or_pattern_matching,provider_response_signal
openclaw,openclaw-ldcr-branch-15705,tool_action_handling,value_or_pattern_matching,tool_action_payload
openhands,openhands-ldcr-branch-00014,provider_io_normalization,value_or_pattern_matching,model_generated_content
openhands,openhands-ldcr-branch-00040,tool_action_handling,presence_or_shape,tool_action_payload
openhands,openhands-ldcr-branch-00108,tool_action_handling,value_or_pattern_matching,model_generated_content
openhands,openhands-ldcr-branch-00146,tool_action_handling,presence_or_shape,tool_action_payload
openhands,openhands-ldcr-branch-00161,agent_orchestration_control,value_or_pattern_matching,agent_context_state
openhands,openhands-ldcr-branch-00164,,,
openhands,openhands-ldcr-branch-00171,,,
openhands,openhands-ldcr-branch-00182,agent_orchestration_control,value_or_pattern_matching,agent_context_state
openhands,openhands-ldcr-branch-00192,,,
openhands,openhands-ldcr-branch-00204,agent_orchestration_control,value_or_pattern_matching,tool_action_payload
openhands,openhands-ldcr-branch-00207,error_recovery_handling,policy_guard,agent_context_state
openhands,openhands-ldcr-branch-00212,error_recovery_handling,value_or_pattern_matching,provider_response_signal
openhands,openhands-ldcr-branch-00224,provider_io_normalization,presence_or_shape,provider_response_signal
openhands,openhands-ldcr-branch-00262,,,
openhands,openhands-ldcr-branch-00329,,,
openhands,openhands-ldcr-branch-00330,,,
openhands,openhands-ldcr-branch-00332,provider_io_normalization,presence_or_shape,provider_response_signal
openhands,openhands-ldcr-branch-00342,,,
openhands,openhands-ldcr-branch-00393,tool_action_handling,presence_or_shape,tool_action_payload
openhands,openhands-ldcr-branch-00400,tool_action_handling,presence_or_shape,tool_action_payload
openhands,openhands-ldcr-branch-00428,tool_action_handling,policy_guard,tool_action_payload
openhands,openhands-ldcr-branch-00439,observation_feedback_handling,presence_or_shape,observation_feedback_signal
openhands,openhands-ldcr-branch-00442,observation_feedback_handling,presence_or_shape,observation_feedback_signal
openhands,openhands-ldcr-branch-00447,context_memory_management,value_or_pattern_matching,observation_feedback_signal
openhands,openhands-ldcr-branch-00449,context_memory_management,presence_or_shape,observation_feedback_signal
openhands,openhands-ldcr-branch-00545,provider_io_normalization,presence_or_shape,model_generated_content
openhands,openhands-ldcr-branch-00624,provider_io_normalization,presence_or_shape,model_generated_content
openhands,openhands-ldcr-branch-00631,provider_io_normalization,presence_or_shape,provider_response_signal
openhands,openhands-ldcr-branch-00688,context_memory_management,size_or_threshold,observation_feedback_signal
openhands,openhands-ldcr-branch-00691,context_memory_management,value_or_pattern_matching,agent_context_state
openhands,openhands-ldcr-branch-00696,context_memory_management,value_or_pattern_matching,observation_feedback_signal
openhands,openhands-ldcr-branch-00713,context_memory_management,value_or_pattern_matching,observation_feedback_signal
openhands,openhands-ldcr-branch-00717,tool_action_handling,value_or_pattern_matching,model_generated_content
openhands,openhands-ldcr-branch-00722,provider_io_normalization,presence_or_shape,provider_response_signal
openhands,openhands-ldcr-branch-00729,observation_feedback_handling,value_or_pattern_matching,observation_feedback_signal
openhands,openhands-ldcr-branch-00738,observation_feedback_handling,value_or_pattern_matching,observation_feedback_signal
openhands,openhands-ldcr-branch-00747,context_memory_management,presence_or_shape,observation_feedback_signal
openhands,openhands-ldcr-branch-00748,context_memory_management,value_or_pattern_matching,observation_feedback_signal
openhands,openhands-ldcr-branch-00760,context_memory_management,presence_or_shape,observation_feedback_signal
openhands,openhands-ldcr-branch-00764,context_memory_management,value_or_pattern_matching,agent_context_state
openhands,openhands-ldcr-branch-00800,context_memory_management,value_or_pattern_matching,agent_context_state
openhands,openhands-ldcr-branch-00949,provider_io_normalization,presence_or_shape,model_generated_content
openhands,openhands-ldcr-branch-01016,observation_feedback_handling,presence_or_shape,observation_feedback_signal
openhands,openhands-ldcr-branch-01017,observation_feedback_handling,presence_or_shape,observation_feedback_signal
openhands,openhands-ldcr-branch-01034,tool_action_handling,value_or_pattern_matching,tool_action_payload
openhands,openhands-ldcr-branch-01079,observation_feedback_handling,value_or_pattern_matching,observation_feedback_signal
openhands,openhands-ldcr-branch-01081,tool_action_handling,value_or_pattern_matching,tool_action_payload
openhands,openhands-ldcr-branch-01099,tool_action_handling,size_or_threshold,tool_action_payload
openhands,openhands-ldcr-branch-01110,observation_feedback_handling,presence_or_shape,observation_feedback_signal
openhands,openhands-ldcr-branch-01120,observation_feedback_handling,presence_or_shape,observation_feedback_signal
openhands,openhands-ldcr-branch-01125,observation_feedback_handling,value_or_pattern_matching,observation_feedback_signal
openhands,openhands-ldcr-branch-01128,observation_feedback_handling,presence_or_shape,observation_feedback_signal
openhands,openhands-ldcr-branch-01134,observation_feedback_handling,presence_or_shape,observation_feedback_signal
openhands,openhands-ldcr-branch-01138,tool_action_handling,value_or_pattern_matching,tool_action_payload
openhands,openhands-ldcr-branch-01145,tool_action_handling,presence_or_shape,tool_action_payload
openhands,openhands-ldcr-branch-01147,observation_feedback_handling,presence_or_shape,observation_feedback_signal
openhands,openhands-ldcr-branch-01153,observation_feedback_handling,value_or_pattern_matching,observation_feedback_signal
openhands,openhands-ldcr-branch-01171,context_memory_management,value_or_pattern_matching,agent_context_state
openhands,openhands-ldcr-branch-01172,provider_io_normalization,value_or_pattern_matching,agent_context_state
openhands,openhands-ldcr-branch-01202,context_memory_management,value_or_pattern_matching,model_generated_content
pr-agent,pr-agent-ldcr-branch-00012,provider_io_normalization,presence_or_shape,provider_response_signal
pr-agent,pr-agent-ldcr-branch-00145,provider_io_normalization,policy_guard,model_generated_content
pr-agent,pr-agent-ldcr-branch-00195,provider_io_normalization,value_or_pattern_matching,model_generated_content
pr-agent,pr-agent-ldcr-branch-00208,provider_io_normalization,presence_or_shape,observation_feedback_signal
pr-agent,pr-agent-ldcr-branch-00211,provider_io_normalization,presence_or_shape,model_generated_content
pr-agent,pr-agent-ldcr-branch-00212,provider_io_normalization,presence_or_shape,model_generated_content
pr-agent,pr-agent-ldcr-branch-00217,provider_io_normalization,presence_or_shape,model_generated_content
pr-agent,pr-agent-ldcr-branch-00218,provider_io_normalization,presence_or_shape,model_generated_content
pr-agent,pr-agent-ldcr-branch-00219,provider_io_normalization,presence_or_shape,model_generated_content
pr-agent,pr-agent-ldcr-branch-00229,error_recovery_handling,presence_or_shape,model_generated_content
pr-agent,pr-agent-ldcr-branch-00230,error_recovery_handling,value_or_pattern_matching,model_generated_content
pr-agent,pr-agent-ldcr-branch-00235,error_recovery_handling,value_or_pattern_matching,model_generated_content
pr-agent,pr-agent-ldcr-branch-00257,provider_io_normalization,value_or_pattern_matching,model_generated_content
pr-agent,pr-agent-ldcr-branch-00259,provider_io_normalization,value_or_pattern_matching,observation_feedback_signal
pr-agent,pr-agent-ldcr-branch-00260,provider_io_normalization,value_or_pattern_matching,observation_feedback_signal
pr-agent,pr-agent-ldcr-branch-00274,error_recovery_handling,size_or_threshold,model_generated_content
pr-agent,pr-agent-ldcr-branch-00276,provider_io_normalization,presence_or_shape,model_generated_content
pr-agent,pr-agent-ldcr-branch-00280,error_recovery_handling,presence_or_shape,model_generated_content
pr-agent,pr-agent-ldcr-branch-00297,provider_io_normalization,size_or_threshold,model_generated_content
pr-agent,pr-agent-ldcr-branch-00313,provider_io_normalization,value_or_pattern_matching,model_generated_content
pr-agent,pr-agent-ldcr-branch-00315,provider_io_normalization,value_or_pattern_matching,model_generated_content
pr-agent,pr-agent-ldcr-branch-00363,provider_io_normalization,value_or_pattern_matching,observation_feedback_signal
pr-agent,pr-agent-ldcr-branch-00393,provider_io_normalization,value_or_pattern_matching,model_generated_content
pr-agent,pr-agent-ldcr-branch-00395,provider_io_normalization,value_or_pattern_matching,observation_feedback_signal
pr-agent,pr-agent-ldcr-branch-00397,provider_io_normalization,value_or_pattern_matching,observation_feedback_signal
pr-agent,pr-agent-ldcr-branch-00436,provider_io_normalization,presence_or_shape,model_generated_content
pr-agent,pr-agent-ldcr-branch-00445,provider_io_normalization,value_or_pattern_matching,model_generated_content
pr-agent,pr-agent-ldcr-branch-00522,provider_io_normalization,presence_or_shape,observation_feedback_signal
pr-agent,pr-agent-ldcr-branch-00525,context_memory_management,presence_or_shape,agent_context_state
pr-agent,pr-agent-ldcr-branch-00582,provider_io_normalization,value_or_pattern_matching,model_generated_content
pr-agent,pr-agent-ldcr-branch-00589,error_recovery_handling,value_or_pattern_matching,model_generated_content
pr-agent,pr-agent-ldcr-branch-00593,provider_io_normalization,presence_or_shape,model_generated_content
pr-agent,pr-agent-ldcr-branch-00616,provider_io_normalization,presence_or_shape,observation_feedback_signal
pr-agent,pr-agent-ldcr-branch-00622,provider_io_normalization,size_or_threshold,observation_feedback_signal
pr-agent,pr-agent-ldcr-branch-00669,provider_io_normalization,presence_or_shape,observation_feedback_signal
pr-agent,pr-agent-ldcr-branch-00681,provider_io_normalization,value_or_pattern_matching,model_generated_content
pr-agent,pr-agent-ldcr-branch-00687,provider_io_normalization,value_or_pattern_matching,observation_feedback_signal
pr-agent,pr-agent-ldcr-branch-00732,error_recovery_handling,presence_or_shape,model_generated_content
pr-agent,pr-agent-ldcr-branch-00752,context_memory_management,size_or_threshold,agent_context_state
pr-agent,pr-agent-ldcr-branch-00755,context_memory_management,presence_or_shape,agent_context_state
pr-agent,pr-agent-ldcr-branch-00781,provider_io_normalization,presence_or_shape,observation_feedback_signal
pr-agent,pr-agent-ldcr-branch-00811,provider_io_normalization,size_or_threshold,model_generated_content
pr-agent,pr-agent-ldcr-branch-00841,provider_io_normalization,size_or_threshold,observation_feedback_signal
pr-agent,pr-agent-ldcr-branch-00843,provider_io_normalization,presence_or_shape,model_generated_content
pr-agent,pr-agent-ldcr-branch-00846,provider_io_normalization,presence_or_shape,model_generated_content
pr-agent,pr-agent-ldcr-branch-00854,provider_io_normalization,presence_or_shape,model_generated_content
pr-agent,pr-agent-ldcr-branch-00856,provider_io_normalization,presence_or_shape,model_generated_content
pr-agent,pr-agent-ldcr-branch-00858,provider_io_normalization,presence_or_shape,model_generated_content
pr-agent,pr-agent-ldcr-branch-00871,provider_io_normalization,value_or_pattern_matching,model_generated_content
pr-agent,pr-agent-ldcr-branch-00873,provider_io_normalization,value_or_pattern_matching,model_generated_content
pr-agent,pr-agent-ldcr-branch-00882,provider_io_normalization,size_or_threshold,model_generated_content
pr-agent,pr-agent-ldcr-branch-00899,provider_io_normalization,presence_or_shape,model_generated_content
pr-agent,pr-agent-ldcr-branch-00900,provider_io_normalization,presence_or_shape,model_generated_content
pr-agent,pr-agent-ldcr-branch-00913,provider_io_normalization,value_or_pattern_matching,model_generated_content
pr-agent,pr-agent-ldcr-branch-00920,provider_io_normalization,presence_or_shape,model_generated_content
pr-agent,pr-agent-ldcr-branch-00932,provider_io_normalization,policy_guard,model_generated_content
pr-agent,pr-agent-ldcr-branch-00950,context_memory_management,size_or_threshold,model_generated_content
pr-agent,pr-agent-ldcr-branch-00957,error_recovery_handling,presence_or_shape,model_generated_content
pr-agent,pr-agent-ldcr-branch-00962,provider_io_normalization,presence_or_shape,model_generated_content
pr-agent,pr-agent-ldcr-branch-00981,provider_io_normalization,presence_or_shape,model_generated_content
pr-agent,pr-agent-ldcr-branch-00986,context_memory_management,presence_or_shape,agent_context_state
pr-agent,pr-agent-ldcr-branch-00990,provider_io_normalization,presence_or_shape,model_generated_content
pr-agent,pr-agent-ldcr-branch-00991,provider_io_normalization,size_or_threshold,model_generated_content
rd-agent,rd-agent-ldcr-branch-00015,provider_io_normalization,value_or_pattern_matching,model_generated_content
rd-agent,rd-agent-ldcr-branch-00023,agent_orchestration_control,presence_or_shape,observation_feedback_signal
rd-agent,rd-agent-ldcr-branch-00031,agent_orchestration_control,presence_or_shape,observation_feedback_signal
rd-agent,rd-agent-ldcr-branch-00048,agent_orchestration_control,policy_guard,observation_feedback_signal
rd-agent,rd-agent-ldcr-branch-00058,context_memory_management,value_or_pattern_matching,agent_context_state
rd-agent,rd-agent-ldcr-branch-00067,error_recovery_handling,presence_or_shape,observation_feedback_signal
rd-agent,rd-agent-ldcr-branch-00068,context_memory_management,size_or_threshold,agent_context_state
rd-agent,rd-agent-ldcr-branch-00069,error_recovery_handling,value_or_pattern_matching,observation_feedback_signal
rd-agent,rd-agent-ldcr-branch-00083,context_memory_management,size_or_threshold,agent_context_state
rd-agent,rd-agent-ldcr-branch-00097,context_memory_management,size_or_threshold,agent_context_state
rd-agent,rd-agent-ldcr-branch-00112,context_memory_management,value_or_pattern_matching,agent_context_state
rd-agent,rd-agent-ldcr-branch-00116,provider_io_normalization,presence_or_shape,model_generated_content
rd-agent,rd-agent-ldcr-branch-00118,context_memory_management,value_or_pattern_matching,agent_context_state
rd-agent,rd-agent-ldcr-branch-00153,agent_orchestration_control,presence_or_shape,model_generated_content
rd-agent,rd-agent-ldcr-branch-00163,error_recovery_handling,value_or_pattern_matching,observation_feedback_signal
rd-agent,rd-agent-ldcr-branch-00168,error_recovery_handling,presence_or_shape,observation_feedback_signal
rd-agent,rd-agent-ldcr-branch-00169,error_recovery_handling,policy_guard,observation_feedback_signal
rd-agent,rd-agent-ldcr-branch-00186,tool_action_handling,policy_guard,model_generated_content
rd-agent,rd-agent-ldcr-branch-00199,provider_io_normalization,value_or_pattern_matching,model_generated_content
rd-agent,rd-agent-ldcr-branch-00201,provider_io_normalization,presence_or_shape,model_generated_content
rd-agent,rd-agent-ldcr-branch-00242,provider_io_normalization,presence_or_shape,model_generated_content
rd-agent,rd-agent-ldcr-branch-00257,context_memory_management,size_or_threshold,agent_context_state
rd-agent,rd-agent-ldcr-branch-00277,context_memory_management,value_or_pattern_matching,agent_context_state
rd-agent,rd-agent-ldcr-branch-00279,error_recovery_handling,presence_or_shape,observation_feedback_signal
rd-agent,rd-agent-ldcr-branch-00280,error_recovery_handling,policy_guard,observation_feedback_signal
rd-agent,rd-agent-ldcr-branch-00291,context_memory_management,size_or_threshold,agent_context_state
rd-agent,rd-agent-ldcr-branch-00295,provider_io_normalization,presence_or_shape,model_generated_content
rd-agent,rd-agent-ldcr-branch-00319,context_memory_management,value_or_pattern_matching,agent_context_state
rd-agent,rd-agent-ldcr-branch-00322,context_memory_management,presence_or_shape,agent_context_state
rd-agent,rd-agent-ldcr-branch-00329,context_memory_management,presence_or_shape,model_generated_content
rd-agent,rd-agent-ldcr-branch-00330,context_memory_management,presence_or_shape,model_generated_content
rd-agent,rd-agent-ldcr-branch-00354,context_memory_management,policy_guard,agent_context_state
rd-agent,rd-agent-ldcr-branch-00360,context_memory_management,size_or_threshold,agent_context_state
rd-agent,rd-agent-ldcr-branch-00361,context_memory_management,value_or_pattern_matching,agent_context_state
rd-agent,rd-agent-ldcr-branch-00362,context_memory_management,size_or_threshold,agent_context_state
rd-agent,rd-agent-ldcr-branch-00363,context_memory_management,value_or_pattern_matching,agent_context_state
rd-agent,rd-agent-ldcr-branch-00380,tool_action_handling,value_or_pattern_matching,model_generated_content
rd-agent,rd-agent-ldcr-branch-00385,tool_action_handling,policy_guard,model_generated_content
rd-agent,rd-agent-ldcr-branch-00404,agent_orchestration_control,presence_or_shape,agent_context_state
rd-agent,rd-agent-ldcr-branch-00411,context_memory_management,presence_or_shape,agent_context_state
rd-agent,rd-agent-ldcr-branch-00419,observation_feedback_handling,size_or_threshold,model_generated_content
rd-agent,rd-agent-ldcr-branch-00432,context_memory_management,presence_or_shape,agent_context_state
rd-agent,rd-agent-ldcr-branch-00451,context_memory_management,presence_or_shape,observation_feedback_signal
rd-agent,rd-agent-ldcr-branch-00481,agent_orchestration_control,presence_or_shape,model_generated_content
rd-agent,rd-agent-ldcr-branch-00509,agent_orchestration_control,value_or_pattern_matching,agent_context_state
rd-agent,rd-agent-ldcr-branch-00518,agent_orchestration_control,value_or_pattern_matching,agent_context_state
rd-agent,rd-agent-ldcr-branch-00529,agent_orchestration_control,value_or_pattern_matching,agent_context_state
rd-agent,rd-agent-ldcr-branch-00534,observation_feedback_handling,presence_or_shape,observation_feedback_signal
rd-agent,rd-agent-ldcr-branch-00541,observation_feedback_handling,value_or_pattern_matching,observation_feedback_signal
rd-agent,rd-agent-ldcr-branch-00558,provider_io_normalization,presence_or_shape,provider_response_signal
rd-agent,rd-agent-ldcr-branch-00573,error_recovery_handling,presence_or_shape,observation_feedback_signal
rd-agent,rd-agent-ldcr-branch-00585,observation_feedback_handling,presence_or_shape,observation_feedback_signal
rd-agent,rd-agent-ldcr-branch-00593,agent_orchestration_control,value_or_pattern_matching,model_generated_content
rd-agent,rd-agent-ldcr-branch-00609,agent_orchestration_control,presence_or_shape,agent_context_state
rd-agent,rd-agent-ldcr-branch-00612,agent_orchestration_control,presence_or_shape,agent_context_state
rd-agent,rd-agent-ldcr-branch-00660,provider_io_normalization,presence_or_shape,model_generated_content
rd-agent,rd-agent-ldcr-branch-00672,context_memory_management,presence_or_shape,agent_context_state
rd-agent,rd-agent-ldcr-branch-00673,agent_orchestration_control,policy_guard,agent_context_state
rd-agent,rd-agent-ldcr-branch-00705,agent_orchestration_control,size_or_threshold,agent_context_state
rd-agent,rd-agent-ldcr-branch-00723,agent_orchestration_control,presence_or_shape,agent_context_state
rd-agent,rd-agent-ldcr-branch-00728,error_recovery_handling,presence_or_shape,model_generated_content
rd-agent,rd-agent-ldcr-branch-00746,observation_feedback_handling,value_or_pattern_matching,observation_feedback_signal
rd-agent,rd-agent-ldcr-branch-00757,observation_feedback_handling,value_or_pattern_matching,observation_feedback_signal
rd-agent,rd-agent-ldcr-branch-00777,agent_orchestration_control,size_or_threshold,agent_context_state
rd-agent,rd-agent-ldcr-branch-00784,agent_orchestration_control,value_or_pattern_matching,model_generated_content
rd-agent,rd-agent-ldcr-branch-00785,provider_io_normalization,presence_or_shape,model_generated_content
rd-agent,rd-agent-ldcr-branch-00811,context_memory_management,presence_or_shape,agent_context_state
rd-agent,rd-agent-ldcr-branch-00815,context_memory_management,presence_or_shape,agent_context_state
rd-agent,rd-agent-ldcr-branch-00819,context_memory_management,presence_or_shape,agent_context_state
rd-agent,rd-agent-ldcr-branch-00830,tool_action_handling,value_or_pattern_matching,model_generated_content
rd-agent,rd-agent-ldcr-branch-00837,observation_feedback_handling,presence_or_shape,observation_feedback_signal
rd-agent,rd-agent-ldcr-branch-00849,agent_orchestration_control,presence_or_shape,agent_context_state
rd-agent,rd-agent-ldcr-branch-00875,provider_io_normalization,size_or_threshold,model_generated_content
rd-agent,rd-agent-ldcr-branch-00890,agent_orchestration_control,value_or_pattern_matching,model_generated_content
rd-agent,rd-agent-ldcr-branch-00891,agent_orchestration_control,value_or_pattern_matching,model_generated_content
rd-agent,rd-agent-ldcr-branch-00894,agent_orchestration_control,value_or_pattern_matching,model_generated_content
rd-agent,rd-agent-ldcr-branch-00904,provider_io_normalization,value_or_pattern_matching,model_generated_content
rd-agent,rd-agent-ldcr-branch-00925,observation_feedback_handling,presence_or_shape,observation_feedback_signal
roo-code,roo-code-ldcr-branch-00011,provider_io_normalization,value_or_pattern_matching,provider_response_signal
roo-code,roo-code-ldcr-branch-00012,provider_io_normalization,presence_or_shape,agent_context_state
roo-code,roo-code-ldcr-branch-00024,provider_io_normalization,presence_or_shape,model_generated_content
roo-code,roo-code-ldcr-branch-00025,provider_io_normalization,presence_or_shape,model_generated_content
roo-code,roo-code-ldcr-branch-00053,provider_io_normalization,presence_or_shape,tool_action_payload
roo-code,roo-code-ldcr-branch-00055,provider_io_normalization,size_or_threshold,provider_response_signal
roo-code,roo-code-ldcr-branch-00109,provider_io_normalization,presence_or_shape,model_generated_content
roo-code,roo-code-ldcr-branch-00113,provider_io_normalization,value_or_pattern_matching,model_generated_content
roo-code,roo-code-ldcr-branch-00157,provider_io_normalization,presence_or_shape,tool_action_payload
roo-code,roo-code-ldcr-branch-00196,provider_io_normalization,value_or_pattern_matching,provider_response_signal
roo-code,roo-code-ldcr-branch-00265,provider_io_normalization,value_or_pattern_matching,model_generated_content
roo-code,roo-code-ldcr-branch-00277,provider_io_normalization,value_or_pattern_matching,model_generated_content
roo-code,roo-code-ldcr-branch-00287,provider_io_normalization,value_or_pattern_matching,model_generated_content
roo-code,roo-code-ldcr-branch-00354,provider_io_normalization,presence_or_shape,provider_response_signal
roo-code,roo-code-ldcr-branch-00393,provider_io_normalization,value_or_pattern_matching,agent_context_state
roo-code,roo-code-ldcr-branch-00394,provider_io_normalization,value_or_pattern_matching,model_generated_content
roo-code,roo-code-ldcr-branch-00398,provider_io_normalization,value_or_pattern_matching,agent_context_state
roo-code,roo-code-ldcr-branch-00401,provider_io_normalization,presence_or_shape,model_generated_content
roo-code,roo-code-ldcr-branch-00408,provider_io_normalization,presence_or_shape,model_generated_content
roo-code,roo-code-ldcr-branch-00455,provider_io_normalization,value_or_pattern_matching,model_generated_content
roo-code,roo-code-ldcr-branch-00491,provider_io_normalization,value_or_pattern_matching,model_generated_content
roo-code,roo-code-ldcr-branch-00499,provider_io_normalization,presence_or_shape,provider_response_signal
roo-code,roo-code-ldcr-branch-00500,provider_io_normalization,value_or_pattern_matching,tool_action_payload
roo-code,roo-code-ldcr-branch-00510,tool_action_handling,presence_or_shape,tool_action_payload
roo-code,roo-code-ldcr-branch-00518,provider_io_normalization,presence_or_shape,model_generated_content
roo-code,roo-code-ldcr-branch-00534,provider_io_normalization,presence_or_shape,model_generated_content
roo-code,roo-code-ldcr-branch-00555,provider_io_normalization,presence_or_shape,model_generated_content
roo-code,roo-code-ldcr-branch-00760,provider_io_normalization,value_or_pattern_matching,agent_context_state
roo-code,roo-code-ldcr-branch-00763,provider_io_normalization,presence_or_shape,model_generated_content
roo-code,roo-code-ldcr-branch-00792,provider_io_normalization,value_or_pattern_matching,agent_context_state
roo-code,roo-code-ldcr-branch-00825,provider_io_normalization,presence_or_shape,model_generated_content
roo-code,roo-code-ldcr-branch-00826,provider_io_normalization,value_or_pattern_matching,agent_context_state
roo-code,roo-code-ldcr-branch-00827,provider_io_normalization,presence_or_shape,agent_context_state
roo-code,roo-code-ldcr-branch-00863,provider_io_normalization,value_or_pattern_matching,model_generated_content
roo-code,roo-code-ldcr-branch-00880,provider_io_normalization,presence_or_shape,model_generated_content
roo-code,roo-code-ldcr-branch-00899,provider_io_normalization,size_or_threshold,tool_action_payload
roo-code,roo-code-ldcr-branch-00922,provider_io_normalization,size_or_threshold,tool_action_payload
roo-code,roo-code-ldcr-branch-00923,provider_io_normalization,value_or_pattern_matching,agent_context_state
roo-code,roo-code-ldcr-branch-00933,provider_io_normalization,presence_or_shape,tool_action_payload
roo-code,roo-code-ldcr-branch-00940,provider_io_normalization,presence_or_shape,model_generated_content
roo-code,roo-code-ldcr-branch-00963,provider_io_normalization,presence_or_shape,tool_action_payload
roo-code,roo-code-ldcr-branch-00987,provider_io_normalization,value_or_pattern_matching,model_generated_content
roo-code,roo-code-ldcr-branch-00989,provider_io_normalization,value_or_pattern_matching,tool_action_payload
roo-code,roo-code-ldcr-branch-01009,provider_io_normalization,value_or_pattern_matching,tool_action_payload
roo-code,roo-code-ldcr-branch-01033,tool_action_handling,size_or_threshold,tool_action_payload
roo-code,roo-code-ldcr-branch-01051,tool_action_handling,presence_or_shape,tool_action_payload
roo-code,roo-code-ldcr-branch-01059,tool_action_handling,size_or_threshold,tool_action_payload
roo-code,roo-code-ldcr-branch-01083,context_memory_management,presence_or_shape,agent_context_state
roo-code,roo-code-ldcr-branch-01090,context_memory_management,value_or_pattern_matching,agent_context_state
roo-code,roo-code-ldcr-branch-01092,context_memory_management,value_or_pattern_matching,agent_context_state
roo-code,roo-code-ldcr-branch-01100,context_memory_management,value_or_pattern_matching,agent_context_state
roo-code,roo-code-ldcr-branch-01107,context_memory_management,size_or_threshold,agent_context_state
roo-code,roo-code-ldcr-branch-01108,context_memory_management,size_or_threshold,agent_context_state
roo-code,roo-code-ldcr-branch-01120,context_memory_management,size_or_threshold,agent_context_state
roo-code,roo-code-ldcr-branch-01138,context_memory_management,presence_or_shape,agent_context_state
roo-code,roo-code-ldcr-branch-01288,provider_io_normalization,presence_or_shape,provider_response_signal
roo-code,roo-code-ldcr-branch-01290,agent_orchestration_control,presence_or_shape,agent_context_state
roo-code,roo-code-ldcr-branch-01291,agent_orchestration_control,value_or_pattern_matching,agent_context_state
roo-code,roo-code-ldcr-branch-01327,agent_orchestration_control,presence_or_shape,agent_context_state
roo-code,roo-code-ldcr-branch-01429,agent_orchestration_control,presence_or_shape,agent_context_state
roo-code,roo-code-ldcr-branch-01433,tool_action_handling,presence_or_shape,tool_action_payload
roo-code,roo-code-ldcr-branch-01435,agent_orchestration_control,size_or_threshold,agent_context_state
roo-code,roo-code-ldcr-branch-01443,agent_orchestration_control,size_or_threshold,agent_context_state
roo-code,roo-code-ldcr-branch-01465,error_recovery_handling,presence_or_shape,observation_feedback_signal
roo-code,roo-code-ldcr-branch-01487,agent_orchestration_control,presence_or_shape,agent_context_state
roo-code,roo-code-ldcr-branch-01501,tool_action_handling,value_or_pattern_matching,tool_action_payload
roo-code,roo-code-ldcr-branch-01515,provider_io_normalization,value_or_pattern_matching,provider_response_signal
roo-code,roo-code-ldcr-branch-01697,tool_action_handling,value_or_pattern_matching,tool_action_payload
roo-code,roo-code-ldcr-branch-01701,tool_action_handling,presence_or_shape,tool_action_payload
roo-code,roo-code-ldcr-branch-01779,tool_action_handling,size_or_threshold,tool_action_payload
roo-code,roo-code-ldcr-branch-01796,context_memory_management,presence_or_shape,observation_feedback_signal
swe-agent,swe-agent-ldcr-branch-00001,tool_action_handling,presence_or_shape,tool_action_payload
swe-agent,swe-agent-ldcr-branch-00002,provider_io_normalization,size_or_threshold,model_generated_content
swe-agent,swe-agent-ldcr-branch-00003,error_recovery_handling,size_or_threshold,model_generated_content
swe-agent,swe-agent-ldcr-branch-00004,tool_action_handling,value_or_pattern_matching,tool_action_payload
swe-agent,swe-agent-ldcr-branch-00005,error_recovery_handling,presence_or_shape,model_generated_content
swe-agent,swe-agent-ldcr-branch-00006,agent_orchestration_control,policy_guard,tool_action_payload
swe-agent,swe-agent-ldcr-branch-00007,tool_action_handling,size_or_threshold,model_generated_content
swe-agent,swe-agent-ldcr-branch-00008,agent_orchestration_control,value_or_pattern_matching,model_generated_content
swe-agent,swe-agent-ldcr-branch-00009,,,
swe-agent,swe-agent-ldcr-branch-00010,context_memory_management,value_or_pattern_matching,model_generated_content
swe-agent,swe-agent-ldcr-branch-00011,tool_action_handling,presence_or_shape,tool_action_payload
swe-agent,swe-agent-ldcr-branch-00012,tool_action_handling,value_or_pattern_matching,tool_action_payload
swe-agent,swe-agent-ldcr-branch-00013,observation_feedback_handling,value_or_pattern_matching,observation_feedback_signal
swe-agent,swe-agent-ldcr-branch-00014,observation_feedback_handling,size_or_threshold,observation_feedback_signal
swe-agent,swe-agent-ldcr-branch-00015,context_memory_management,presence_or_shape,agent_context_state
swe-agent,swe-agent-ldcr-branch-00016,error_recovery_handling,presence_or_shape,observation_feedback_signal
swe-agent,swe-agent-ldcr-branch-00017,observation_feedback_handling,presence_or_shape,observation_feedback_signal
swe-agent,swe-agent-ldcr-branch-00018,observation_feedback_handling,presence_or_shape,observation_feedback_signal
swe-agent,swe-agent-ldcr-branch-00019,observation_feedback_handling,presence_or_shape,observation_feedback_signal
swe-agent,swe-agent-ldcr-branch-00020,observation_feedback_handling,presence_or_shape,observation_feedback_signal
swe-agent,swe-agent-ldcr-branch-00021,observation_feedback_handling,presence_or_shape,observation_feedback_signal
swe-agent,swe-agent-ldcr-branch-00022,tool_action_handling,policy_guard,tool_action_payload
swe-agent,swe-agent-ldcr-branch-00023,tool_action_handling,value_or_pattern_matching,tool_action_payload
swe-agent,swe-agent-ldcr-branch-00026,error_recovery_handling,presence_or_shape,observation_feedback_signal
swe-agent,swe-agent-ldcr-branch-00027,error_recovery_handling,presence_or_shape,observation_feedback_signal
swe-agent,swe-agent-ldcr-branch-00028,error_recovery_handling,presence_or_shape,observation_feedback_signal
swe-agent,swe-agent-ldcr-branch-00029,tool_action_handling,presence_or_shape,model_generated_content
swe-agent,swe-agent-ldcr-branch-00030,provider_io_normalization,presence_or_shape,model_generated_content
swe-agent,swe-agent-ldcr-branch-00031,context_memory_management,presence_or_shape,agent_context_state
swe-agent,swe-agent-ldcr-branch-00032,context_memory_management,size_or_threshold,agent_context_state
swe-agent,swe-agent-ldcr-branch-00033,context_memory_management,presence_or_shape,agent_context_state
swe-agent,swe-agent-ldcr-branch-00034,context_memory_management,size_or_threshold,agent_context_state
swe-agent,swe-agent-ldcr-branch-00035,context_memory_management,presence_or_shape,agent_context_state
swe-agent,swe-agent-ldcr-branch-00036,context_memory_management,size_or_threshold,agent_context_state
swe-agent,swe-agent-ldcr-branch-00037,context_memory_management,presence_or_shape,agent_context_state
swe-agent,swe-agent-ldcr-branch-00038,provider_io_normalization,value_or_pattern_matching,agent_context_state
swe-agent,swe-agent-ldcr-branch-00039,agent_orchestration_control,size_or_threshold,provider_response_signal
swe-agent,swe-agent-ldcr-branch-00040,agent_orchestration_control,size_or_threshold,provider_response_signal
swe-agent,swe-agent-ldcr-branch-00041,agent_orchestration_control,size_or_threshold,provider_response_signal
swe-agent,swe-agent-ldcr-branch-00042,agent_orchestration_control,size_or_threshold,provider_response_signal
swe-agent,swe-agent-ldcr-branch-00043,provider_io_normalization,presence_or_shape,agent_context_state
swe-agent,swe-agent-ldcr-branch-00044,agent_orchestration_control,size_or_threshold,provider_response_signal
swe-agent,swe-agent-ldcr-branch-00046,tool_action_handling,presence_or_shape,tool_action_payload
swe-agent,swe-agent-ldcr-branch-00047,provider_io_normalization,value_or_pattern_matching,agent_context_state
swe-agent,swe-agent-ldcr-branch-00049,provider_io_normalization,value_or_pattern_matching,agent_context_state
swe-agent,swe-agent-ldcr-branch-00050,provider_io_normalization,presence_or_shape,agent_context_state
swe-agent,swe-agent-ldcr-branch-00051,provider_io_normalization,presence_or_shape,agent_context_state
swe-agent,swe-agent-ldcr-branch-00052,provider_io_normalization,presence_or_shape,observation_feedback_signal
swe-agent,swe-agent-ldcr-branch-00053,provider_io_normalization,presence_or_shape,observation_feedback_signal
swe-agent,swe-agent-ldcr-branch-00054,provider_io_normalization,presence_or_shape,observation_feedback_signal
swe-agent,swe-agent-ldcr-branch-00055,provider_io_normalization,size_or_threshold,observation_feedback_signal
swe-agent,swe-agent-ldcr-branch-00056,provider_io_normalization,size_or_threshold,observation_feedback_signal
swe-agent,swe-agent-ldcr-branch-00057,agent_orchestration_control,size_or_threshold,observation_feedback_signal
swe-agent,swe-agent-ldcr-branch-00058,provider_io_normalization,presence_or_shape,observation_feedback_signal
swe-agent,swe-agent-ldcr-branch-00059,agent_orchestration_control,size_or_threshold,observation_feedback_signal
swe-agent,swe-agent-ldcr-branch-00060,provider_io_normalization,presence_or_shape,model_generated_content
swe-agent,swe-agent-ldcr-branch-00061,agent_orchestration_control,presence_or_shape,model_generated_content
swe-agent,swe-agent-ldcr-branch-00062,agent_orchestration_control,size_or_threshold,model_generated_content
swe-agent,swe-agent-ldcr-branch-00063,agent_orchestration_control,presence_or_shape,model_generated_content
swe-agent,swe-agent-ldcr-branch-00064,agent_orchestration_control,size_or_threshold,observation_feedback_signal
swe-agent,swe-agent-ldcr-branch-00065,agent_orchestration_control,value_or_pattern_matching,observation_feedback_signal
swe-agent,swe-agent-ldcr-branch-00066,agent_orchestration_control,size_or_threshold,model_generated_content
swe-agent,swe-agent-ldcr-branch-00067,provider_io_normalization,policy_guard,model_generated_content
swe-agent,swe-agent-ldcr-branch-00069,provider_io_normalization,presence_or_shape,tool_action_payload
swe-agent,swe-agent-ldcr-branch-00070,tool_action_handling,policy_guard,tool_action_payload
swe-agent,swe-agent-ldcr-branch-00071,tool_action_handling,presence_or_shape,tool_action_payload
swe-agent,swe-agent-ldcr-branch-00072,tool_action_handling,presence_or_shape,tool_action_payload
swe-agent,swe-agent-ldcr-branch-00073,tool_action_handling,presence_or_shape,tool_action_payload
swe-agent,swe-agent-ldcr-branch-00074,tool_action_handling,policy_guard,tool_action_payload
swe-agent,swe-agent-ldcr-branch-00075,tool_action_handling,presence_or_shape,tool_action_payload
swe-agent,swe-agent-ldcr-branch-00076,tool_action_handling,size_or_threshold,tool_action_payload
swe-agent,swe-agent-ldcr-branch-00077,tool_action_handling,presence_or_shape,tool_action_payload
swe-agent,swe-agent-ldcr-branch-00078,tool_action_handling,size_or_threshold,tool_action_payload
swe-agent,swe-agent-ldcr-branch-00079,tool_action_handling,presence_or_shape,tool_action_payload
swe-agent,swe-agent-ldcr-branch-00080,tool_action_handling,policy_guard,tool_action_payload
swe-agent,swe-agent-ldcr-branch-00081,tool_action_handling,policy_guard,tool_action_payload
swe-agent,swe-agent-ldcr-branch-00082,tool_action_handling,policy_guard,tool_action_payload
swe-agent,swe-agent-ldcr-branch-00083,observation_feedback_handling,value_or_pattern_matching,observation_feedback_signal
swe-agent,swe-agent-ldcr-branch-00084,tool_action_handling,presence_or_shape,tool_action_payload
swe-agent,swe-agent-ldcr-branch-00085,tool_action_handling,value_or_pattern_matching,tool_action_payload
swe-agent,swe-agent-ldcr-branch-00087,tool_action_handling,presence_or_shape,tool_action_payload
swe-agent,swe-agent-ldcr-branch-00088,tool_action_handling,policy_guard,tool_action_payload
swe-agent,swe-agent-ldcr-branch-00089,tool_action_handling,policy_guard,tool_action_payload
swe-agent,swe-agent-ldcr-branch-00090,observation_feedback_handling,presence_or_shape,observation_feedback_signal
swe-agent,swe-agent-ldcr-branch-00091,observation_feedback_handling,presence_or_shape,observation_feedback_signal
swe-agent,swe-agent-ldcr-branch-00092,observation_feedback_handling,presence_or_shape,observation_feedback_signal
swe-agent,swe-agent-ldcr-branch-00093,observation_feedback_handling,presence_or_shape,observation_feedback_signal
swe-agent,swe-agent-ldcr-branch-00094,observation_feedback_handling,size_or_threshold,observation_feedback_signal
swe-agent,swe-agent-ldcr-branch-00095,observation_feedback_handling,size_or_threshold,observation_feedback_signal
swe-agent,swe-agent-ldcr-branch-00096,observation_feedback_handling,size_or_threshold,observation_feedback_signal
swe-agent,swe-agent-ldcr-branch-00097,observation_feedback_handling,size_or_threshold,observation_feedback_signal
swe-agent,swe-agent-ldcr-branch-00098,observation_feedback_handling,size_or_threshold,observation_feedback_signal
swe-agent,swe-agent-ldcr-branch-00099,observation_feedback_handling,size_or_threshold,observation_feedback_signal
swe-agent,swe-agent-ldcr-branch-00100,observation_feedback_handling,presence_or_shape,observation_feedback_signal
swe-agent,swe-agent-ldcr-branch-00101,observation_feedback_handling,size_or_threshold,observation_feedback_signal
swe-agent,swe-agent-ldcr-branch-00102,observation_feedback_handling,size_or_threshold,observation_feedback_signal
swe-agent,swe-agent-ldcr-branch-00104,observation_feedback_handling,size_or_threshold,observation_feedback_signal
swe-agent,swe-agent-ldcr-branch-00105,observation_feedback_handling,size_or_threshold,observation_feedback_signal
swe-agent,swe-agent-ldcr-branch-00106,observation_feedback_handling,value_or_pattern_matching,observation_feedback_signal
swe-agent,swe-agent-ldcr-branch-00108,observation_feedback_handling,value_or_pattern_matching,observation_feedback_signal
