dimension,category,count,share
component_intention,provider_io_normalization,204,0.291429
component_intention,error_recovery_handling,51,0.072857
component_intention,agent_orchestration_control,98,0.140000
component_intention,tool_action_handling,165,0.235714
component_intention,observation_feedback_handling,87,0.124286
component_intention,context_memory_management,95,0.135714
judgment_pattern,presence_or_shape,330,0.471429
judgment_pattern,value_or_pattern_matching,233,0.332857
judgment_pattern,size_or_threshold,107,0.152857
judgment_pattern,policy_guard,30,0.042857
llm_value_form,model_generated_content,175,0.250000
llm_value_form,provider_response_signal,46,0.065714
llm_value_form,tool_action_payload,152,0.217143
llm_value_form,agent_context_state,152,0.217143
llm_value_form,observation_feedback_signal,175,0.250000
