root_id,project,issue_number,issue_url,state,state_reason
aider_04,aider,5560,https://github.com/Aider-AI/aider/issues/5560,open,
aider_03,aider,5561,https://github.com/Aider-AI/aider/issues/5561,open,
aider_08,aider,5573,https://github.com/Aider-AI/aider/issues/5573,open,
aider_05,aider,5575,https://github.com/Aider-AI/aider/issues/5575,open,
aider_10,aider,5580,https://github.com/Aider-AI/aider/issues/5580,open,
aider_09,aider,5581,https://github.com/Aider-AI/aider/issues/5581,open,
aider_01,aider,5611,https://github.com/Aider-AI/aider/issues/5611,open,
aider_11,aider,5654,https://github.com/Aider-AI/aider/issues/5654,open,
aider_07,aider,5662,https://github.com/Aider-AI/aider/issues/5662,open,
browser-use_11,browser-use,5543,https://github.com/browser-use/browser-use/issues/5543,closed,completed
browser-use_18,browser-use,5568,https://github.com/browser-use/browser-use/issues/5568,open,
browser-use_20,browser-use,5569,https://github.com/browser-use/browser-use/issues/5569,closed,completed
browser-use_19,browser-use,5573,https://github.com/browser-use/browser-use/issues/5573,open,
browser-use_06,browser-use,5623,https://github.com/browser-use/browser-use/issues/5623,closed,completed
browser-use_05,browser-use,5624,https://github.com/browser-use/browser-use/issues/5624,closed,completed
browser-use_04,browser-use,5628,https://github.com/browser-use/browser-use/issues/5628,closed,completed
browser-use_02,browser-use,5629,https://github.com/browser-use/browser-use/issues/5629,open,
browser-use_08,browser-use,5632,https://github.com/browser-use/browser-use/issues/5632,closed,completed
browser-use_07,browser-use,5635,https://github.com/browser-use/browser-use/issues/5635,open,
browser-use_03,browser-use,5637,https://github.com/browser-use/browser-use/issues/5637,closed,completed
browser-use_01,browser-use,5638,https://github.com/browser-use/browser-use/issues/5638,open,
gpt-researcher_01,gpt-researcher,2093,https://github.com/assafelovic/gpt-researcher/issues/2093,closed,completed
gpt-researcher_02,gpt-researcher,2094,https://github.com/assafelovic/gpt-researcher/issues/2094,closed,completed
gpt-researcher_03,gpt-researcher,2095,https://github.com/assafelovic/gpt-researcher/issues/2095,closed,completed
gpt-researcher_06,gpt-researcher,2096,https://github.com/assafelovic/gpt-researcher/issues/2096,closed,completed
gpt-researcher_04,gpt-researcher,2097,https://github.com/assafelovic/gpt-researcher/issues/2097,closed,completed
gpt-researcher_05,gpt-researcher,2098,https://github.com/assafelovic/gpt-researcher/issues/2098,closed,completed
kimi-code_01,kimi-code,2956,https://github.com/MoonshotAI/kimi-code/issues/2956,open,
kimi-code_02,kimi-code,3380,https://github.com/MoonshotAI/kimi-code/issues/3380,open,
kimi-code_06,kimi-code,3382,https://github.com/MoonshotAI/kimi-code/issues/3382,open,
openclaw_11,openclaw,113144,https://github.com/openclaw/openclaw/issues/113144,closed,completed
openclaw_13,openclaw,113148,https://github.com/openclaw/openclaw/issues/113148,closed,completed
openclaw_08,openclaw,121351,https://github.com/openclaw/openclaw/issues/121351,closed,completed
openclaw_09,openclaw,121426,https://github.com/openclaw/openclaw/issues/121426,closed,completed
openclaw_02,openclaw,122244,https://github.com/openclaw/openclaw/issues/122244,closed,completed
openclaw_03,openclaw,122271,https://github.com/openclaw/openclaw/issues/122271,closed,not_planned
openclaw_01,openclaw,122353,https://github.com/openclaw/openclaw/issues/122353,open,
openclaw_14,openclaw,132969,https://github.com/openclaw/openclaw/issues/132969,closed,completed
openclaw_15,openclaw,133077,https://github.com/openclaw/openclaw/issues/133077,closed,completed
openhands-canvas_01,openhands-canvas,16533,https://github.com/OpenHands/OpenHands/issues/16533,closed,completed
openhands-canvas_02,openhands-canvas,16535,https://github.com/OpenHands/OpenHands/issues/16535,closed,completed
openhands-canvas_05,openhands-canvas,16663,https://github.com/OpenHands/OpenHands/issues/16663,closed,completed
openhands-canvas_03,openhands-canvas,17036,https://github.com/OpenHands/OpenHands/issues/17036,closed,not_planned
openhands-canvas_04,openhands-canvas,17038,https://github.com/OpenHands/OpenHands/issues/17038,closed,not_planned
pr-agent_03,pr-agent,2608,https://github.com/The-PR-Agent/pr-agent/issues/2608,closed,completed
pr-agent_04,pr-agent,2609,https://github.com/The-PR-Agent/pr-agent/issues/2609,closed,completed
pr-agent_01,pr-agent,2639,https://github.com/The-PR-Agent/pr-agent/issues/2639,closed,completed
pr-agent_05,pr-agent,2839,https://github.com/The-PR-Agent/pr-agent/issues/2839,closed,completed
pr-agent_07,pr-agent,2840,https://github.com/The-PR-Agent/pr-agent/issues/2840,closed,completed
rd-agent_13,rd-agent,1453,https://github.com/microsoft/RD-Agent/issues/1453,open,
rd-agent_09,rd-agent,1454,https://github.com/microsoft/RD-Agent/issues/1454,open,
rd-agent_05,rd-agent,1455,https://github.com/microsoft/RD-Agent/issues/1455,open,
rd-agent_16,rd-agent,1457,https://github.com/microsoft/RD-Agent/issues/1457,open,
rd-agent_15,rd-agent,1458,https://github.com/microsoft/RD-Agent/issues/1458,open,
rd-agent_14,rd-agent,1459,https://github.com/microsoft/RD-Agent/issues/1459,open,
rd-agent_08,rd-agent,1460,https://github.com/microsoft/RD-Agent/issues/1460,open,
rd-agent_11,rd-agent,1461,https://github.com/microsoft/RD-Agent/issues/1461,open,
rd-agent_01,rd-agent,1473,https://github.com/microsoft/RD-Agent/issues/1473,open,
rd-agent_02,rd-agent,1474,https://github.com/microsoft/RD-Agent/issues/1474,open,
rd-agent_03,rd-agent,1475,https://github.com/microsoft/RD-Agent/issues/1475,open,
software-agent-sdk_03,software-agent-sdk,4468,https://github.com/OpenHands/software-agent-sdk/issues/4468,closed,completed
software-agent-sdk_01,software-agent-sdk,4469,https://github.com/OpenHands/software-agent-sdk/issues/4469,closed,not_planned
software-agent-sdk_04,software-agent-sdk,4505,https://github.com/OpenHands/software-agent-sdk/issues/4505,closed,completed
software-agent-sdk_10,software-agent-sdk,4511,https://github.com/OpenHands/software-agent-sdk/issues/4511,open,
software-agent-sdk_11,software-agent-sdk,4520,https://github.com/OpenHands/software-agent-sdk/issues/4520,closed,not_planned
software-agent-sdk_05,software-agent-sdk,4765,https://github.com/OpenHands/software-agent-sdk/issues/4765,open,
software-agent-sdk_07,software-agent-sdk,4766,https://github.com/OpenHands/software-agent-sdk/issues/4766,closed,completed
software-agent-sdk_08,software-agent-sdk,4769,https://github.com/OpenHands/software-agent-sdk/issues/4769,open,
software-agent-sdk_09,software-agent-sdk,4774,https://github.com/OpenHands/software-agent-sdk/issues/4774,open,
software-agent-sdk_13,software-agent-sdk,4777,https://github.com/OpenHands/software-agent-sdk/issues/4777,open,
swe-agent_01,swe-agent,1500,https://github.com/SWE-agent/SWE-agent/issues/1500,open,
swe-agent_03,swe-agent,1502,https://github.com/SWE-agent/SWE-agent/issues/1502,open,
swe-agent_06,swe-agent,1510,https://github.com/SWE-agent/SWE-agent/issues/1510,open,
swe-agent_05,swe-agent,1527,https://github.com/SWE-agent/SWE-agent/issues/1527,open,
