project,method,denominator,baseline_killed,killed,survived,no_coverage,timeout,crash,ignored,additional_killed
openhands,ours,14967,6235,7311,3706,3894,38,18,0,1076
openhands,coverup_scoped,14967,6235,7011,3913,3984,39,20,0,776
openhands,coverup_general,14967,6235,6795,3969,4144,39,20,0,560
openhands,testtailor_general,14967,6235,6379,3723,4805,40,20,0,144
openhands,testtailor_scoped,14967,6235,6593,3668,4648,38,20,0,358
openhands,strict_agnostic,14967,6235,6437,3861,4609,40,20,0,202
aider,ours,13978,4906,7841,5179,876,77,5,0,2935
aider,coverup_scoped,13978,4906,6566,5043,2349,20,0,0,1660
aider,coverup_general,13978,4906,6715,5339,1899,25,0,0,1809
aider,testtailor_general,13978,4906,5631,5436,2892,19,0,0,725
aider,testtailor_scoped,13978,4906,5979,5535,2446,18,0,0,1073
aider,strict_agnostic,13978,4906,5624,5580,2407,21,346,0,718
swe-agent,ours,1630,393,1094,289,112,135,0,0,701
swe-agent,coverup_scoped,1630,393,754,377,244,255,0,0,361
swe-agent,coverup_general,1630,393,729,432,214,255,0,0,336
swe-agent,testtailor_general,1630,393,505,317,578,230,0,0,112
swe-agent,testtailor_scoped,1630,393,623,295,482,230,0,0,230
swe-agent,strict_agnostic,1630,393,817,403,200,210,0,0,424
pr-agent,ours,16448,2781,5904,4962,5488,88,6,0,3123
pr-agent,coverup_scoped,16448,2781,4583,4866,6982,14,3,0,1802
pr-agent,coverup_general,16448,2781,4524,4861,7059,1,3,0,1743
pr-agent,testtailor_general,16448,2781,3063,4411,8974,0,0,0,282
pr-agent,testtailor_scoped,16448,2781,3206,4452,8790,0,0,0,425
pr-agent,strict_agnostic,16448,2781,4517,4748,7129,48,6,0,1736
gpt-researcher,ours,8114,363,3840,2607,1653,14,0,0,3477
gpt-researcher,coverup_scoped,8114,363,2508,1955,3639,12,0,0,2145
gpt-researcher,coverup_general,8114,363,1624,1841,4584,65,0,0,1261
gpt-researcher,testtailor_general,8114,363,1154,1264,5693,3,0,0,791
gpt-researcher,testtailor_scoped,8114,363,1901,1610,4600,3,0,0,1538
gpt-researcher,strict_agnostic,8114,363,2078,2140,3877,19,0,0,1715
browser-use,ours,5542,1398,1995,2040,1334,173,0,0,597
browser-use,coverup_scoped,5542,1398,1784,2022,1696,40,0,0,386
browser-use,coverup_general,5542,1398,1641,1864,2021,16,0,0,243
browser-use,testtailor_general,5542,1398,1416,1692,2429,5,0,0,18
browser-use,testtailor_scoped,5542,1398,1575,1767,2195,5,0,0,177
browser-use,strict_agnostic,5542,1398,1604,1811,2091,36,0,0,206
rd-agent,ours,14689,526,2731,2432,9521,5,0,0,2205
rd-agent,coverup_scoped,14689,526,1646,2019,11011,13,0,0,1120
rd-agent,coverup_general,14689,526,1750,2140,10787,12,0,0,1224
rd-agent,testtailor_general,14689,526,808,594,13285,2,0,0,282
rd-agent,testtailor_scoped,14689,526,1018,853,12816,2,0,0,492
rd-agent,strict_agnostic,14689,526,1207,1280,12199,3,0,0,681
openclaw,ours,46967,24975,25160,18498,1539,1754,16,0,185
openclaw,qodo_scoped,46967,24975,25122,18552,1528,1749,16,0,147
openclaw,qodo_general,46967,24975,25058,18589,1551,1753,16,0,83
openclaw,testpilot2_general,46967,24975,25074,18528,1590,1759,16,0,99
openclaw,testpilot2_scoped,46967,24975,25107,18502,1583,1759,16,0,132
openclaw,strict_agnostic,46967,24975,25116,18540,1539,1756,16,0,141
roo-code,ours,7262,4420,4625,2485,134,14,2,2,205
roo-code,qodo_scoped,7262,4420,4570,2541,133,14,2,2,150
roo-code,qodo_general,7262,4420,4494,2613,137,14,2,2,74
roo-code,testpilot2_general,7262,4420,4420,2653,171,14,2,2,0
roo-code,testpilot2_scoped,7262,4420,4440,2633,171,14,2,2,20
roo-code,strict_agnostic,7262,4420,4454,2626,137,41,2,2,34
kimi-code,ours,10269,7285,7526,2508,156,73,2,4,241
kimi-code,qodo_scoped,10269,7285,7430,2604,158,72,1,4,145
kimi-code,qodo_general,10269,7285,7286,2723,136,119,1,4,1
kimi-code,testpilot2_general,10269,7285,7285,2750,155,74,1,4,0
kimi-code,testpilot2_scoped,10269,7285,7285,2736,169,74,1,4,0
kimi-code,strict_agnostic,10269,7285,7319,2780,91,74,1,4,34
